Workbook

Sheet Dashboard
A1: KEUANGAN AGUSTUS 2026
A2: Ringkasan Keuangan
A3: Total Alokasi | C3: Total Realisasi | E3: Sisa Alokasi
A4: =Estimasi!B3 -> 3971362 | C4: =SUM(Rincian!E2:E1001) -> 534700 | E4: =A4-C4 -> 3436662
A6: KONDISI PER PEMBAGIAN
A7: Pembagian | C7: Budget | D7: Realisasi | E7: Sisa | F7: Status
A8: =Estimasi!L2 -> Need | C8: =Estimasi!M2 -> 1985681 | D8: =IFERROR(SUMIF(Rincian!$C$2:$C$1001,A8,Rincian!$E$2:$E$1001),0) -> 171300 | E8: =C8-D8 -> 1814381 | F8: =IF(C8=0,"",IF(E8<0,"Over Budget",IF(E8/C8<=0.2,"Mendekati Batas","Aman"))) -> Aman
A9: =Estimasi!L3 -> Fun | C9: =Estimasi!M3 -> 1191408.6 | D9: =IFERROR(SUMIF(Rincian!$C$2:$C$1001,A9,Rincian!$E$2:$E$1001),0) -> 363400 | E9: =C9-D9 -> 828008.6 | F9: =IF(C9=0,"",IF(E9<0,"Over Budget",IF(E9/C9<=0.2,"Mendekati Batas","Aman"))) -> Aman
A10: =Estimasi!L4 -> Saving | C10: =Estimasi!M4 -> 794272.4 | D10: =IFERROR(SUMIF(Rincian!$C$2:$C$1001,A10,Rincian!$E$2:$E$1001),0) -> 0 | E10: =C10-D10 -> 794272.4 | F10: =IF(C10=0,"",IF(E10<0,"Over Budget",IF(E10/C10<=0.2,"Mendekati Batas","Aman"))) -> Aman
A11: =Estimasi!L5 -> Emergency | C11: =Estimasi!M5 -> 337089.6 | D11: =IFERROR(SUMIF(Rincian!$C$2:$C$1001,A11,Rincian!$E$2:$E$1001),0) -> 0 | E11: =C11-D11 -> 337089.6 | F11: =IF(C11=0,"",IF(E11<0,"Over Budget",IF(E11/C11<=0.2,"Mendekati Batas","Aman"))) -> Aman
A13: ESTIMASI VS REALISASI
A14: Pengeluaran | C14: Estimasi | D14: Realisasi | E14: Selisih | F14: %
A15: =Estimasi!H2 -> Makan | C15: =Estimasi!J2 -> 1240000 | D15: =IFERROR(SUMIF(Rincian!$B$2:$B$1001,A15,Rincian!$E$2:$E$1001),0) -> 116300 | E15: =C15-D15 -> 1123700 | F15: =IFERROR(D15/C15,0) -> 0.093790323
A16: =Estimasi!H3 -> Bensin | C16: =Estimasi!J3 -> 250000 | D16: =IFERROR(SUMIF(Rincian!$B$2:$B$1001,A16,Rincian!$E$2:$E$1001),0) -> 30000 | E16: =C16-D16 -> 220000 | F16: =IFERROR(D16/C16,0) -> 0.12
A17: =Estimasi!H4 -> Kuota | C17: =Estimasi!J4 -> 100000 | D17: =IFERROR(SUMIF(Rincian!$B$2:$B$1001,A17,Rincian!$E$2:$E$1001),0) -> 25000 | E17: =C17-D17 -> 75000 | F17: =IFERROR(D17/C17,0) -> 0.25
A18: =Estimasi!H5 -> BPJS | C18: =Estimasi!J5 -> 150000 | D18: =IFERROR(SUMIF(Rincian!$B$2:$B$1001,A18,Rincian!$E$2:$E$1001),0) -> 0 | E18: =C18-D18 -> 150000 | F18: =IFERROR(D18/C18,0) -> 0
A19: =Estimasi!H6 -> Laundry | C19: =Estimasi!J6 -> 100000 | D19: =IFERROR(SUMIF(Rincian!$B$2:$B$1001,A19,Rincian!$E$2:$E$1001),0) -> 0 | E19: =C19-D19 -> 100000 | F19: =IFERROR(D19/C19,0) -> 0
A20: =Estimasi!H7 -> skincare | C20: =Estimasi!J7 -> 200000 | D20: =IFERROR(SUMIF(Rincian!$B$2:$B$1001,A20,Rincian!$E$2:$E$1001),0) -> 0 | E20: =C20-D20 -> 200000 | F20: =IFERROR(D20/C20,0) -> 0
A21: =Estimasi!H8 -> lainnya | C21: =Estimasi!J8 -> 500000 | D21: =IFERROR(SUMIF(Rincian!$B$2:$B$1001,A21,Rincian!$E$2:$E$1001),0) -> 363400 | E21: =C21-D21 -> 136600 | F21: =IFERROR(D21/C21,0) -> 0.7268
A22: =Estimasi!H9 -> Jajan | C22: =Estimasi!J9 -> 300000 | D22: =IFERROR(SUMIF(Rincian!$B$2:$B$1001,A22,Rincian!$E$2:$E$1001),0) -> 0 | E22: =C22-D22 -> 300000 | F22: =IFERROR(D22/C22,0) -> 0
A23: =Estimasi!H10 -> Saving | C23: =Estimasi!J10 -> 790272 | D23: =IFERROR(SUMIF(Rincian!$B$2:$B$1001,A23,Rincian!$E$2:$E$1001),0) -> 0 | E23: =C23-D23 -> 790272 | F23: =IFERROR(D23/C23,0) -> 0
A24: =Estimasi!H11 -> Emergency | C24: =Estimasi!J11 -> 337089.6 | D24: =IFERROR(SUMIF(Rincian!$B$2:$B$1001,A24,Rincian!$E$2:$E$1001),0) -> 0 | E24: =C24-D24 -> 337089.6 | F24: =IFERROR(D24/C24,0) -> 0
A26: KESIMPULAN BULANAN
A27: =IF(COUNTIF(F8:F11,"Over Budget")>0,"⚠️ Penggunaan bulan ini OVER BUDGET pada "&COUNTIF(F8:F11,"Over Budget")&" dari "&COUNTA(A8:A11)&" kategori pembagian. Sisa alokasi saat ini: "&TEXT(E4,"[$Rp]#,##0")&".",IF(COUNTIF(F8:F11,"Mendekati Batas")>0,"⚠️ Penggunaan bulan ini mendekati batas pada "&COUNTIF(F8:F11,"Mendekati Batas")&" kategori pembagian. Tetap waspada. Sisa alokasi saat ini: "&TEXT(E4,"[$Rp]#,##0")&".","✅ Penggunaan bulan ini masih dalam kondisi aman di semua kategori. Sisa alokasi saat ini: "&TEXT(E4,"[$Rp]#,##0")&".")) -> ✅ Penggunaan bulan ini masih dalam kondisi aman di semua kategori. Sisa alokasi saat ini: Rp3,436,662.

Sheet Estimasi
A1: Sumber Dana | C1: Pembagian | E1: Pengeluaran | H1: Pengeluaran | I1: Pembagian | J1: Estimasi | L1: Pembagian | M1: Budget
A2: 1 | C2: 2 | E2: 3 | H2: Makan | I2: Need | J2: 1240000 | L2: Need | M2: =D3 -> 1985681
A3: Gaji | B3: 3971362 | C3: Need (50%) | D3: =B3*0.5 -> 1985681 | E3: Makan (40k/hari) | F3: =(40000*DAY(EOMONTH(DATE(YEAR(TODAY()),8,1),0))) -> 1240000 | H3: Bensin | I3: Need | J3: 250000 | L3: Fun | M3: =D10 -> 1191408.6
E4: Bensin | F4: 250000 | H4: Kuota | I4: Need | J4: 100000 | L4: Saving | M4: =D15 -> 794272.4
E5: Kuota | F5: 100000 | H5: BPJS | I5: Need | J5: 150000 | L5: Emergency | M5: =F17 -> 337089.6
E6: BPJS | F6: 150000 | H6: Laundry | I6: Need | J6: 100000
E7: Laundry | F7: 100000 | H7: skincare | I7: Fun | J7: 200000
E8: Total | F8: =SUM(F3:F7) -> 1840000 | H8: lainnya | I8: Fun | J8: 500000
E9: Sisa | F9: =D3-F8 -> 145681 | H9: Jajan | I9: Fun | J9: 300000
C10: Fun (30%) | D10: =B3*0.3 -> 1191408.6 | E10: skincare | F10: 200000 | H10: Saving | I10: Saving | J10: 790272
E11: lainnya | F11: 500000 | H11: Emergency | I11: Emergency | J11: =F17 -> 337089.6
E12: Jajan | F12: 300000
E13: Total | F13: =SUM(F10:F12) -> 1000000
E14: Sisa | F14: =D10-F13 -> 191408.6
C15: Saving (20%) | D15: =B3*0.2 -> 794272.4 | E15: Total | F15: =D15 -> 794272.4
E16: Sisa | F16: =D15-F15 -> 0
C17: Emergency | D17: =F9+F14+F16 -> 337089.6 | E17: Total | F17: =D17 -> 337089.6
A18: Total Pengeluaran (estimasi) | F18: =F8+F13+F15 -> 3634272.4
A19: Total Uang Sisa (estimasi) | F19: =F9+F14+F16 -> 337089.6

Sheet Rincian
A1: Tanggal | B1: Pengeluaran | C1: Pembagian | D1: Budget | E1: Nominal | F1: Sisa Budget | G1: Status | H1: Keterangan
A2: 46270 | B2: Makan | C2: {=IF($B2="","",IFERROR(INDEX(Estimasi!$I$2:$I$1000,MATCH($B2,Estimasi!$H$2:$H$1000,0)),""))} -> Need | D2: {=IF($C2="","",IFERROR(INDEX(Estimasi!$M$2:$M$1000,MATCH($C2,Estimasi!$L$2:$L$1000,0)),""))} -> 1985681 | E2: 16000 | F2: =IF(C2="","",D2-SUMIF($C$2:C2,C2,$E$2:E2)) -> 1969681 | G2: =IF(C2="","",IF(F2<0,"Over Budget",IF(F2/D2<=20%,"Mendekati Batas","Aman"))) -> Aman | H2: Green tea 2x
A3: 46270 | B3: Makan | C3: {=IF($B3="","",IFERROR(INDEX(Estimasi!$I$2:$I$1000,MATCH($B3,Estimasi!$H$2:$H$1000,0)),""))} -> Need | D3: {=IF($C3="","",IFERROR(INDEX(Estimasi!$M$2:$M$1000,MATCH($C3,Estimasi!$L$2:$L$1000,0)),""))} -> 1985681 | E3: 4000 | F3: =IF(C3="","",D3-SUMIF($C$2:C3,C3,$E$2:E3)) -> 1965681 | G3: =IF(C3="","",IF(F3<0,"Over Budget",IF(F3/D3<=20%,"Mendekati Batas","Aman"))) -> Aman | H3: Kopi
A4: 46270 | B4: Bensin | C4: {=IF($B4="","",IFERROR(INDEX(Estimasi!$I$2:$I$1000,MATCH($B4,Estimasi!$H$2:$H$1000,0)),""))} -> Need | D4: {=IF($C4="","",IFERROR(INDEX(Estimasi!$M$2:$M$1000,MATCH($C4,Estimasi!$L$2:$L$1000,0)),""))} -> 1985681 | E4: 30000 | F4: =IF(C4="","",D4-SUMIF($C$2:C4,C4,$E$2:E4)) -> 1935681 | G4: =IF(C4="","",IF(F4<0,"Over Budget",IF(F4/D4<=20%,"Mendekati Batas","Aman"))) -> Aman | H4: Pertalite
A5: 46271 | B5: Makan | C5: {=IF($B5="","",IFERROR(INDEX(Estimasi!$I$2:$I$1000,MATCH($B5,Estimasi!$H$2:$H$1000,0)),""))} -> Need | D5: {=IF($C5="","",IFERROR(INDEX(Estimasi!$M$2:$M$1000,MATCH($C5,Estimasi!$L$2:$L$1000,0)),""))} -> 1985681 | E5: 8000 | F5: =IF(C5="","",D5-SUMIF($C$2:C5,C5,$E$2:E5)) -> 1927681 | G5: =IF(C5="","",IF(F5<0,"Over Budget",IF(F5/D5<=20%,"Mendekati Batas","Aman"))) -> Aman | H5: green tea
A6: 46271 | B6: lainnya | C6: {=IF($B6="","",IFERROR(INDEX(Estimasi!$I$2:$I$1000,MATCH($B6,Estimasi!$H$2:$H$1000,0)),""))} -> Fun | D6: {=IF($C6="","",IFERROR(INDEX(Estimasi!$M$2:$M$1000,MATCH($C6,Estimasi!$L$2:$L$1000,0)),""))} -> 1191408.6 | E6: 11500 | F6: =IF(C6="","",D6-SUMIF($C$2:C6,C6,$E$2:E6)) -> 1179908.6 | G6: =IF(C6="","",IF(F6<0,"Over Budget",IF(F6/D6<=20%,"Mendekati Batas","Aman"))) -> Aman | H6: Masker
A7: 46271 | B7: Makan | C7: {=IF($B7="","",IFERROR(INDEX(Estimasi!$I$2:$I$1000,MATCH($B7,Estimasi!$H$2:$H$1000,0)),""))} -> Need | D7: {=IF($C7="","",IFERROR(INDEX(Estimasi!$M$2:$M$1000,MATCH($C7,Estimasi!$L$2:$L$1000,0)),""))} -> 1985681 | E7: 4000 | F7: =IF(C7="","",D7-SUMIF($C$2:C7,C7,$E$2:E7)) -> 1923681 | G7: =IF(C7="","",IF(F7<0,"Over Budget",IF(F7/D7<=20%,"Mendekati Batas","Aman"))) -> Aman | H7: Aqua
A8: 46272 | B8: Makan | C8: {=IF($B8="","",IFERROR(INDEX(Estimasi!$I$2:$I$1000,MATCH($B8,Estimasi!$H$2:$H$1000,0)),""))} -> Need | D8: {=IF($C8="","",IFERROR(INDEX(Estimasi!$M$2:$M$1000,MATCH($C8,Estimasi!$L$2:$L$1000,0)),""))} -> 1985681 | E8: 16000 | F8: =IF(C8="","",D8-SUMIF($C$2:C8,C8,$E$2:E8)) -> 1907681 | G8: =IF(C8="","",IF(F8<0,"Over Budget",IF(F8/D8<=20%,"Mendekati Batas","Aman"))) -> Aman | H8: Makan siang
A9: 46272 | B9: Makan | C9: {=IF($B9="","",IFERROR(INDEX(Estimasi!$I$2:$I$1000,MATCH($B9,Estimasi!$H$2:$H$1000,0)),""))} -> Need | D9: {=IF($C9="","",IFERROR(INDEX(Estimasi!$M$2:$M$1000,MATCH($C9,Estimasi!$L$2:$L$1000,0)),""))} -> 1985681 | E9: 4000 | F9: =IF(C9="","",D9-SUMIF($C$2:C9,C9,$E$2:E9)) -> 1903681 | G9: =IF(C9="","",IF(F9<0,"Over Budget",IF(F9/D9<=20%,"Mendekati Batas","Aman"))) -> Aman | H9: Es Teh
A10: 46272 | B10: Makan | C10: {=IF($B10="","",IFERROR(INDEX(Estimasi!$I$2:$I$1000,MATCH($B10,Estimasi!$H$2:$H$1000,0)),""))} -> Need | D10: {=IF($C10="","",IFERROR(INDEX(Estimasi!$M$2:$M$1000,MATCH($C10,Estimasi!$L$2:$L$1000,0)),""))} -> 1985681 | E10: 15000 | F10: =IF(C10="","",D10-SUMIF($C$2:C10,C10,$E$2:E10)) -> 1888681 | G10: =IF(C10="","",IF(F10<0,"Over Budget",IF(F10/D10<=20%,"Mendekati Batas","Aman"))) -> Aman | H10: Makan Malam
A11: 46272 | B11: Makan | C11: {=IF($B11="","",IFERROR(INDEX(Estimasi!$I$2:$I$1000,MATCH($B11,Estimasi!$H$2:$H$1000,0)),""))} -> Need | D11: {=IF($C11="","",IFERROR(INDEX(Estimasi!$M$2:$M$1000,MATCH($C11,Estimasi!$L$2:$L$1000,0)),""))} -> 1985681 | E11: 6000 | F11: =IF(C11="","",D11-SUMIF($C$2:C11,C11,$E$2:E11)) -> 1882681 | G11: =IF(C11="","",IF(F11<0,"Over Budget",IF(F11/D11<=20%,"Mendekati Batas","Aman"))) -> Aman | H11: Es Jeruk
A12: 46272 | B12: Makan | C12: {=IF($B12="","",IFERROR(INDEX(Estimasi!$I$2:$I$1000,MATCH($B12,Estimasi!$H$2:$H$1000,0)),""))} -> Need | D12: {=IF($C12="","",IFERROR(INDEX(Estimasi!$M$2:$M$1000,MATCH($C12,Estimasi!$L$2:$L$1000,0)),""))} -> 1985681 | E12: 7500 | F12: =IF(C12="","",D12-SUMIF($C$2:C12,C12,$E$2:E12)) -> 1875181 | G12: =IF(C12="","",IF(F12<0,"Over Budget",IF(F12/D12<=20%,"Mendekati Batas","Aman"))) -> Aman | H12: Le Mineral 1.5 L
A13: 46272 | B13: Makan | C13: {=IF($B13="","",IFERROR(INDEX(Estimasi!$I$2:$I$1000,MATCH($B13,Estimasi!$H$2:$H$1000,0)),""))} -> Need | D13: {=IF($C13="","",IFERROR(INDEX(Estimasi!$M$2:$M$1000,MATCH($C13,Estimasi!$L$2:$L$1000,0)),""))} -> 1985681 | E13: 3800 | F13: =IF(C13="","",D13-SUMIF($C$2:C13,C13,$E$2:E13)) -> 1871381 | G13: =IF(C13="","",IF(F13<0,"Over Budget",IF(F13/D13<=20%,"Mendekati Batas","Aman"))) -> Aman | H13: Milku Marie
... A19: 46273 | B19: lainnya | C19: {=IF($B19="","",IFERROR(INDEX(Estimasi!$I$2:$I$1000,MATCH($B19,Estimasi!$H$2:$H$1000,0)),""))} -> Fun | D19: {=IF($C19="","",IFERROR(INDEX(Estimasi!$M$2:$M$1000,MATCH($C19,Estimasi!$L$2:$L$1000,0)),""))} -> 1191408.6 | E19: 282731 | F19: =IF(C19="","",D19-SUMIF($C$2:C19,C19,$E$2:E19)) -> 828008.6 | G19: =IF(C19="","",IF(F19<0,"Over Budget",IF(F19/D19<=20%,"Mendekati Batas","Aman"))) -> Aman | H19: Seragam teller bca bahan enak
A20: 46273 | B20: lainnya | C20: {=IF($B20="","",IFERROR(INDEX(Estimasi!$I$2:$I$1000,MATCH($B20,Estimasi!$H$2:$H$1000,0)),""))} -> Fun | D20: {=IF($C20="","",IFERROR(INDEX(Estimasi!$M$2:$M$1000,MATCH($C20,Estimasi!$L$2:$L$1000,0)),""))} -> 1191408.6 | F20: =IF(C20="","",D20-SUMIF($C$2:C20,C20,$E$2:E20)) -> 828008.6 | G20: =IF(C20="","",IF(F20<0,"Over Budget",IF(F20/D20<=20%,"Mendekati Batas","Aman"))) -> Aman
C78: {=IF($B78="","",IFERROR(INDEX(Estimasi!$I$2:$I$1000,MATCH($B78,Estimasi!$H$2:$H$1000,0)),""))} | D78: {=IF($C78="","",IFERROR(INDEX(Estimasi!$M$2:$M$1000,MATCH($C78,Estimasi!$L$2:$L$1000,0)),""))} | F78: =IF(C78="","",D78-SUMIF($C$2:C78,C78,$E$2:E78)) | G78: =IF(C78="","",IF(F78<0,"Over Budget",IF(F78/D78<=20%,"Mendekati Batas","Aman")))
C79: {=IF($B79="","",IFERROR(INDEX(Estimasi!$I$2:$I$1000,MATCH($B79,Estimasi!$H$2:$H$1000,0)),""))} | D79: {=IF($C79="","",IFERROR(INDEX(Estimasi!$M$2:$M$1000,MATCH($C79,Estimasi!$L$2:$L$1000,0)),""))} | F79: =IF(C79="","",D79-SUMIF($C$2:C79,C79,$E$2:E79)) | G79: =IF(C79="","",IF(F79<0,"Over Budget",IF(F79/D79<=20%,"Mendekati Batas","Aman")))
C80: {=IF($B80="","",IFERROR(INDEX(Estimasi!$I$2:$I$1000,MATCH($B80,Estimasi!$H$2:$H$1000,0)),""))} | D80: {=IF($C80="","",IFERROR(INDEX(Estimasi!$M$2:$M$1000,MATCH($C80,Estimasi!$L$2:$L$1000,0)),""))} | F80: =IF(C80="","",D80-SUMIF($C$2:C80,C80,$E$2:E80)) | G80: =IF(C80="","",IF(F80<0,"Over Budget",IF(F80/D80<=20%,"Mendekati Batas","Aman")))
C81: {=IF($B81="","",IFERROR(INDEX(Estimasi!$I$2:$I$1000,MATCH($B81,Estimasi!$H$2:$H$1000,0)),""))} | D81: {=IF($C81="","",IFERROR(INDEX(Estimasi!$M$2:$M$1000,MATCH($C81,Estimasi!$L$2:$L$1000,0)),""))} | F81: =IF(C81="","",D81-SUMIF($C$2:C81,C81,$E$2:E81)) | G81: =IF(C81="","",IF(F81<0,"Over Budget",IF(F81/D81<=20%,"Mendekati Batas","Aman")))
C82: {=IF($B82="","",IFERROR(INDEX(Estimasi!$I$2:$I$1000,MATCH($B82,Estimasi!$H$2:$H$1000,0)),""))} | D82: {=IF($C82="","",IFERROR(INDEX(Estimasi!$M$2:$M$1000,MATCH($C82,Estimasi!$L$2:$L$1000,0)),""))} | F82: =IF(C82="","",D82-SUMIF($C$2:C82,C82,$E$2:E82)) | G82: =IF(C82="","",IF(F82<0,"Over Budget",IF(F82/D82<=20%,"Mendekati Batas","Aman")))
C83: {=IF($B83="","",IFERROR(INDEX(Estimasi!$I$2:$I$1000,MATCH($B83,Estimasi!$H$2:$H$1000,0)),""))} | D83: {=IF($C83="","",IFERROR(INDEX(Estimasi!$M$2:$M$1000,MATCH($C83,Estimasi!$L$2:$L$1000,0)),""))} | F83: =IF(C83="","",D83-SUMIF($C$2:C83,C83,$E$2:E83)) | G83: =IF(C83="","",IF(F83<0,"Over Budget",IF(F83/D83<=20%,"Mendekati Batas","Aman")))
C84: {=IF($B84="","",IFERROR(INDEX(Estimasi!$I$2:$I$1000,MATCH($B84,Estimasi!$H$2:$H$1000,0)),""))} | D84: {=IF($C84="","",IFERROR(INDEX(Estimasi!$M$2:$M$1000,MATCH($C84,Estimasi!$L$2:$L$1000,0)),""))} | F84: =IF(C84="","",D84-SUMIF($C$2:C84,C84,$E$2:E84)) | G84: =IF(C84="","",IF(F84<0,"Over Budget",IF(F84/D84<=20%,"Mendekati Batas","Aman")))
C85: {=IF($B85="","",IFERROR(INDEX(Estimasi!$I$2:$I$1000,MATCH($B85,Estimasi!$H$2:$H$1000,0)),""))} | D85: {=IF($C85="","",IFERROR(INDEX(Estimasi!$M$2:$M$1000,MATCH($C85,Estimasi!$L$2:$L$1000,0)),""))} | F85: =IF(C85="","",D85-SUMIF($C$2:C85,C85,$E$2:E85)) | G85: =IF(C85="","",IF(F85<0,"Over Budget",IF(F85/D85<=20%,"Mendekati Batas","Aman")))
C86: {=IF($B86="","",IFERROR(INDEX(Estimasi!$I$2:$I$1000,MATCH($B86,Estimasi!$H$2:$H$1000,0)),""))} | D86: {=IF($C86="","",IFERROR(INDEX(Estimasi!$M$2:$M$1000,MATCH($C86,Estimasi!$L$2:$L$1000,0)),""))} | F86: =IF(C86="","",D86-SUMIF($C$2:C86,C86,$E$2:E86)) | G86: =IF(C86="","",IF(F86<0,"Over Budget",IF(F86/D86<=20%,"Mendekati Batas","Aman")))
C87: {=IF($B87="","",IFERROR(INDEX(Estimasi!$I$2:$I$1000,MATCH($B87,Estimasi!$H$2:$H$1000,0)),""))} | D87: {=IF($C87="","",IFERROR(INDEX(Estimasi!$M$2:$M$1000,MATCH($C87,Estimasi!$L$2:$L$1000,0)),""))} | F87: =IF(C87="","",D87-SUMIF($C$2:C87,C87,$E$2:E87)) | G87: =IF(C87="","",IF(F87<0,"Over Budget",IF(F87/D87<=20%,"Mendekati Batas","Aman")))
C88: {=IF($B88="","",IFERROR(INDEX(Estimasi!$I$2:$I$1000,MATCH($B88,Estimasi!$H$2:$H$1000,0)),""))} | D88: {=IF($C88="","",IFERROR(INDEX(Estimasi!$M$2:$M$1000,MATCH($C88,Estimasi!$L$2:$L$1000,0)),""))} | F88: =IF(C88="","",D88-SUMIF($C$2:C88,C88,$E$2:E88)) | G88: =IF(C88="","",IF(F88<0,"Over Budget",IF(F88/D88<=20%,"Mendekati Batas","Aman")))
C89: {=IF($B89="","",IFERROR(INDEX(Estimasi!$I$2:$I$1000,MATCH($B89,Estimasi!$H$2:$H$1000,0)),""))} | D89: {=IF($C89="","",IFERROR(INDEX(Estimasi!$M$2:$M$1000,MATCH($C89,Estimasi!$L$2:$L$1000,0)),""))} | F89: =IF(C89="","",D89-SUMIF($C$2:C89,C89,$E$2:E89)) | G89: =IF(C89="","",IF(F89<0,"Over Budget",IF(F89/D89<=20%,"Mendekati Batas","Aman")))
... C1001: {=IF($B1001="","",IFERROR(INDEX(Estimasi!$I$2:$I$1000,MATCH($B1001,Estimasi!$H$2:$H$1000,0)),""))} | D1001: {=IF($C1001="","",IFERROR(INDEX(Estimasi!$M$2:$M$1000,MATCH($C1001,Estimasi!$L$2:$L$1000,0)),""))} | F1001: =IF(C1001="","",D1001-SUMIF($C$2:C1001,C1001,$E$2:E1001)) | G1001: =IF(C1001="","",IF(F1001<0,"Over Budget",IF(F1001/D1001<=20%,"Mendekati Batas","Aman")))
